time,gamma,concurrence
0.0,0.001,1.0
0.25,0.001,1.0
0.5,0.001,1.0
0.75,0.001,0.999499874937461
1.0,0.001,0.999499874937461
1.25,0.001,0.999499874937461
1.5,0.001,0.999499874937461
1.75,0.001,0.9989994994993742
2.0,0.001,0.9989994994993742
2.25,0.001,0.9989994994993742
2.5,0.001,0.9989994994993742
2.75,0.001,0.9984988733093293
3.0,0.001,0.9984988733093293
3.25,0.001,0.9984988733093293
3.5,0.001,0.9984988733093293
3.75,0.001,0.997997995989972
4.0,0.001,0.997997995989972
4.25,0.001,0.997997995989972
4.5,0.001,0.997997995989972
4.75,0.001,0.9974968671630001
5.0,0.001,0.9974968671630001
5.25,0.001,0.9974968671630001
5.5,0.001,0.9974968671630001
5.75,0.001,0.9969954864491614
6.0,0.001,0.9969954864491614
6.25,0.001,0.9969954864491614
6.5,0.001,0.9969954864491614
6.75,0.001,0.9964938534682489
7.0,0.001,0.9964938534682489
7.25,0.001,0.9964938534682489
7.5,0.001,0.9964938534682489
7.75,0.001,0.9959919678390986
8.0,0.001,0.9959919678390986
8.25,0.001,0.9959919678390986
8.5,0.001,0.9959919678390986
8.75,0.001,0.9954898291795853
9.0,0.001,0.9954898291795853
9.25,0.001,0.9954898291795853
9.5,0.001,0.9954898291795853
9.75,0.001,0.99498743710662
10.0,0.001,0.99498743710662
10.25,0.001,0.99498743710662
10.5,0.001,0.99498743710662
10.75,0.001,0.9944847912361455
11.0,0.001,0.9944847912361455
11.25,0.001,0.9944847912361455
11.5,0.001,0.9944847912361455
11.75,0.001,0.9939818911831342
12.0,0.001,0.9939818911831342
12.25,0.001,0.9939818911831342
12.5,0.001,0.9939818911831342
12.75,0.001,0.9934787365615834
13.0,0.001,0.9934787365615834
13.25,0.001,0.9934787365615834
13.5,0.001,0.9934787365615834
13.75,0.001,0.9929753269845127
14.0,0.001,0.9929753269845127
14.25,0.001,0.9929753269845127
14.5,0.001,0.9929753269845127
14.75,0.001,0.9924716620639604
15.0,0.001,0.9924716620639604
15.25,0.001,0.9924716620639604
15.5,0.001,0.9924716620639604
15.75,0.001,0.9919677414109795
16.0,0.001,0.9919677414109795
16.25,0.001,0.9919677414109795
16.5,0.001,0.9919677414109795
16.75,0.001,0.991463564635635
17.0,0.001,0.991463564635635
17.25,0.001,0.991463564635635
17.5,0.001,0.991463564635635
17.75,0.001,0.9909591313469996
18.0,0.001,0.9909591313469996
18.25,0.001,0.9909591313469996
18.5,0.001,0.9909591313469996
18.75,0.001,0.9904544411531506
19.0,0.001,0.9904544411531506
19.25,0.001,0.9904544411531506
19.5,0.001,0.9904544411531506
19.75,0.001,0.9899494936611666
20.0,0.001,0.9899494936611666
20.25,0.001,0.9899494936611666
20.5,0.001,0.9899494936611666
20.75,0.001,0.9894442884771228
21.0,0.001,0.9894442884771228
21.25,0.001,0.9894442884771228
21.5,0.001,0.9894442884771228
21.75,0.001,0.9889388252060892
22.0,0.001,0.9889388252060892
22.25,0.001,0.9889388252060892
22.5,0.001,0.9889388252060892
22.75,0.001,0.9889388252060892
23.0,0.001,0.9884331034521254
23.25,0.001,0.9884331034521254
23.5,0.001,0.9884331034521254
23.75,0.001,0.9884331034521254
24.0,0.001,0.9879271228182775
24.25,0.001,0.9879271228182775
24.5,0.001,0.9879271228182775
24.75,0.001,0.9879271228182775
25.0,0.001,0.9874208829065749
25.25,0.001,0.9874208829065749
25.5,0.001,0.9874208829065749
25.75,0.001,0.9874208829065749
26.0,0.001,0.9869143833180262
26.25,0.001,0.9869143833180262
26.5,0.001,0.9869143833180262
26.75,0.001,0.9869143833180262
27.0,0.001,0.9864076236526155
27.25,0.001,0.9864076236526155
27.5,0.001,0.9864076236526155
27.75,0.001,0.9864076236526155
28.0,0.001,0.985900603509299
28.25,0.001,0.985900603509299
28.5,0.001,0.985900603509299
28.75,0.001,0.985900603509299
29.0,0.001,0.985393322486001
29.25,0.001,0.985393322486001
29.5,0.001,0.985393322486001
29.75,0.001,0.985393322486001
30.0,0.001,0.9848857801796105
30.25,0.001,0.9848857801796105
30.5,0.001,0.9848857801796105
30.75,0.001,0.9848857801796105
31.0,0.001,0.984377976185977
31.25,0.001,0.984377976185977
31.5,0.001,0.984377976185977
31.75,0.001,0.984377976185977
32.0,0.001,0.984377976185977
32.25,0.001,0.9838699100999074
32.5,0.001,0.9838699100999074
32.75,0.001,0.9838699100999074
33.0,0.001,0.9838699100999074
33.25,0.001,0.9833615815151617
33.5,0.001,0.9833615815151617
33.75,0.001,0.9833615815151617
34.0,0.001,0.9833615815151617
34.25,0.001,0.9828529900244491
34.5,0.001,0.9828529900244491
34.75,0.001,0.9828529900244491
35.0,0.001,0.9828529900244491
35.25,0.001,0.982344135219425
35.5,0.001,0.982344135219425
35.75,0.001,0.982344135219425
36.0,0.001,0.982344135219425
36.25,0.001,0.9818350166906862
36.5,0.001,0.9818350166906862
36.75,0.001,0.9818350166906862
37.0,0.001,0.9818350166906862
37.25,0.001,0.9813256340277675
37.5,0.001,0.9813256340277675
37.75,0.001,0.9813256340277675
38.0,0.001,0.9813256340277675
38.25,0.001,0.9808159868191383
38.5,0.001,0.9808159868191383
38.75,0.001,0.9808159868191383
39.0,0.001,0.9808159868191383
39.25,0.001,0.9808159868191383
39.5,0.001,0.9803060746521975
39.75,0.001,0.9803060746521975
40.0,0.001,0.9803060746521975
40.25,0.001,0.9803060746521975
40.5,0.001,0.9797958971132712
40.75,0.001,0.9797958971132712
41.0,0.001,0.9797958971132712
41.25,0.001,0.9797958971132712
41.5,0.001,0.9792854537876073
41.75,0.001,0.9792854537876073
42.0,0.001,0.9792854537876073
42.25,0.001,0.9792854537876073
42.5,0.001,0.9787747442593725
42.75,0.001,0.9787747442593725
43.0,0.001,0.9787747442593725
43.25,0.001,0.9787747442593725
43.5,0.001,0.9782637681116478
43.75,0.001,0.9782637681116478
44.0,0.001,0.9782637681116478
44.25,0.001,0.9782637681116478
44.5,0.001,0.9777525249264253
44.75,0.001,0.9777525249264253
45.0,0.001,0.9777525249264253
45.25,0.001,0.9777525249264253
45.5,0.001,0.9777525249264253
45.75,0.001,0.9772410142846032
46.0,0.001,0.9772410142846032
46.25,0.001,0.9772410142846032
46.5,0.001,0.9772410142846032
46.75,0.001,0.9767292357659824
47.0,0.001,0.9767292357659824
47.25,0.001,0.9767292357659824
47.5,0.001,0.9767292357659824
47.75,0.001,0.9762171889492625
48.0,0.001,0.9762171889492625
48.25,0.001,0.9762171889492625
48.5,0.001,0.9762171889492625
48.75,0.001,0.9757048734120374
49.0,0.001,0.9757048734120374
49.25,0.001,0.9757048734120374
49.5,0.001,0.9757048734120374
49.75,0.001,0.9751922887307918
50.0,0.001,0.9751922887307918
50.25,0.001,0.9751922887307918
50.5,0.001,0.9751922887307918
50.75,0.001,0.9751922887307918
51.0,0.001,0.9746794344808963
51.25,0.001,0.9746794344808963
51.5,0.001,0.9746794344808963
51.75,0.001,0.9746794344808963
52.0,0.001,0.9741663102366043
52.25,0.001,0.9741663102366043
52.5,0.001,0.9741663102366043
52.75,0.001,0.9741663102366043
53.0,0.001,0.9736529155710468
53.25,0.001,0.9736529155710468
53.5,0.001,0.9736529155710468
53.75,0.001,0.9736529155710468
54.0,0.001,0.973139250056229
54.25,0.001,0.973139250056229
54.5,0.001,0.973139250056229
54.75,0.001,0.973139250056229
55.0,0.001,0.9726253132630263
55.25,0.001,0.9726253132630263
55.5,0.001,0.9726253132630263
55.75,0.001,0.9726253132630263
56.0,0.001,0.9726253132630263
56.25,0.001,0.972111104761179
56.5,0.001,0.972111104761179
56.75,0.001,0.972111104761179
57.0,0.001,0.972111104761179
57.25,0.001,0.9715966241192895
57.5,0.001,0.9715966241192895
57.75,0.001,0.9715966241192895
58.0,0.001,0.9715966241192895
58.25,0.001,0.9710818709048171
58.5,0.001,0.9710818709048171
58.75,0.001,0.9710818709048171
59.0,0.001,0.9710818709048171
59.25,0.001,0.9705668446840743
59.5,0.001,0.9705668446840743
59.75,0.001,0.9705668446840743
60.0,0.001,0.9705668446840743
60.25,0.001,0.9705668446840743
60.5,0.001,0.970051545022222
60.75,0.001,0.970051545022222
61.0,0.001,0.970051545022222
61.25,0.001,0.970051545022222
61.5,0.001,0.9695359714832658
61.75,0.001,0.9695359714832658
62.0,0.001,0.9695359714832658
62.25,0.001,0.9695359714832658
62.5,0.001,0.9690201236300513
62.75,0.001,0.9690201236300513
63.0,0.001,0.9690201236300513
63.25,0.001,0.9690201236300513
63.5,0.001,0.96850400102426
63.75,0.001,0.96850400102426
64.0,0.001,0.96850400102426
64.25,0.001,0.96850400102426
64.5,0.001,0.96850400102426
64.75,0.001,0.967987603226405
65.0,0.001,0.967987603226405
65.25,0.001,0.967987603226405
65.5,0.001,0.967987603226405
65.75,0.001,0.9674709297958259
66.0,0.001,0.9674709297958259
66.25,0.001,0.9674709297958259
66.5,0.001,0.9674709297958259
66.75,0.001,0.9669539802906858
67.0,0.001,0.9669539802906858
67.25,0.001,0.9669539802906858
67.5,0.001,0.9669539802906858
67.75,0.001,0.9664367542679656
68.0,0.001,0.9664367542679656
68.25,0.001,0.9664367542679656
68.5,0.001,0.9664367542679656
68.75,0.001,0.9664367542679656
69.0,0.001,0.96591925128346
69.25,0.001,0.96591925128346
69.5,0.001,0.96591925128346
69.75,0.001,0.96591925128346
70.0,0.001,0.9654014708917736
70.25,0.001,0.9654014708917736
70.5,0.001,0.9654014708917736
70.75,0.001,0.9654014708917736
71.0,0.001,0.9648834126463155
71.25,0.001,0.9648834126463155
71.5,0.001,0.9648834126463155
71.75,0.001,0.9648834126463155
72.0,0.001,0.9648834126463155
72.25,0.001,0.9643650760992956
72.5,0.001,0.9643650760992956
72.75,0.001,0.9643650760992956
73.0,0.001,0.9643650760992956
73.25,0.001,0.9638464608017192
73.5,0.001,0.9638464608017192
73.75,0.001,0.9638464608017192
74.0,0.001,0.9638464608017192
74.25,0.001,0.9633275663033837
74.5,0.001,0.9633275663033837
74.75,0.001,0.9633275663033837
75.0,0.001,0.9633275663033837
75.25,0.001,0.9633275663033837
75.5,0.001,0.9628083921528727
75.75,0.001,0.9628083921528727
76.0,0.001,0.9628083921528727
76.25,0.001,0.9628083921528727
76.5,0.001,0.9622889378975527
76.75,0.001,0.9622889378975527
77.0,0.001,0.9622889378975527
77.25,0.001,0.9622889378975527
77.5,0.001,0.9617692030835673
77.75,0.001,0.9617692030835673
78.0,0.001,0.9617692030835673
78.25,0.001,0.9617692030835673
78.5,0.001,0.9617692030835673
78.75,0.001,0.9612491872558333
79.0,0.001,0.9612491872558333
79.25,0.001,0.9612491872558333
79.5,0.001,0.9612491872558333
79.75,0.001,0.960728889958036
80.0,0.001,0.960728889958036
80.25,0.001,0.960728889958036
80.5,0.001,0.960728889958036
80.75,0.001,0.9602083107326244
81.0,0.001,0.9602083107326244
81.25,0.001,0.9602083107326244
81.5,0.001,0.9602083107326244
81.75,0.001,0.9602083107326244
82.0,0.001,0.9596874491208063
82.25,0.001,0.9596874491208063
82.5,0.001,0.9596874491208063
82.75,0.001,0.9596874491208063
83.0,0.001,0.9591663046625439
83.25,0.001,0.9591663046625439
83.5,0.001,0.9591663046625439
83.75,0.001,0.9591663046625439
84.0,0.001,0.9586448768965492
84.25,0.001,0.9586448768965492
84.5,0.001,0.9586448768965492
84.75,0.001,0.9586448768965492
85.0,0.001,0.9586448768965492
85.25,0.001,0.9581231653602788
85.5,0.001,0.9581231653602788
85.75,0.001,0.9581231653602788
86.0,0.001,0.9581231653602788
86.25,0.001,0.957601169589929
86.5,0.001,0.957601169589929
86.75,0.001,0.957601169589929
87.0,0.001,0.957601169589929
87.25,0.001,0.9570788891204319
87.5,0.001,0.9570788891204319
87.75,0.001,0.9570788891204319
88.0,0.001,0.9570788891204319
88.25,0.001,0.9570788891204319
88.5,0.001,0.9565563234854496
88.75,0.001,0.9565563234854496
89.0,0.001,0.9565563234854496
89.25,0.001,0.9565563234854496
89.5,0.001,0.9560334722173696
89.75,0.001,0.9560334722173696
90.0,0.001,0.9560334722173696
90.25,0.001,0.9560334722173696
90.5,0.001,0.9555103348473003
90.75,0.001,0.9555103348473003
91.0,0.001,0.9555103348473003
91.25,0.001,0.9555103348473003
91.5,0.001,0.9555103348473003
91.75,0.001,0.9549869109050658
92.0,0.001,0.9549869109050658
92.25,0.001,0.9549869109050658
92.5,0.001,0.9549869109050658
92.75,0.001,0.9544631999192007
93.0,0.001,0.9544631999192007
93.25,0.001,0.9544631999192007
93.5,0.001,0.9544631999192007
93.75,0.001,0.9544631999192007
94.0,0.001,0.9539392014169457
94.25,0.001,0.9539392014169457
94.5,0.001,0.9539392014169457
94.75,0.001,0.9539392014169457
95.0,0.001,0.9534149149242422
95.25,0.001,0.9534149149242422
95.5,0.001,0.9534149149242422
95.75,0.001,0.9534149149242422
96.0,0.001,0.9528903399657277
96.25,0.001,0.9528903399657277
96.5,0.001,0.9528903399657277
96.75,0.001,0.9528903399657277
97.0,0.001,0.9528903399657277
97.25,0.001,0.9523654760647301
97.5,0.001,0.9523654760647301
97.75,0.001,0.9523654760647301
98.0,0.001,0.9523654760647301
98.25,0.001,0.9518403227432635
98.5,0.001,0.9518403227432635
98.75,0.001,0.9518403227432635
99.0,0.001,0.9518403227432635
99.25,0.001,0.9518403227432635
99.5,0.001,0.9513148795220224
99.75,0.001,0.9513148795220224
100.0,0.001,0
100.25,0.001,0
100.5,0.001,0
100.75,0.001,0
101.0,0.001,0
101.25,0.001,0
101.5,0.001,0
101.75,0.001,0
102.0,0.001,0
102.25,0.001,0
102.5,0.001,0
102.75,0.001,0
103.0,0.001,0
103.25,0.001,0
103.5,0.001,0
103.75,0.001,0
104.0,0.001,0
104.25,0.001,0
104.5,0.001,0
104.75,0.001,0
105.0,0.001,0
105.25,0.001,0
105.5,0.001,0
105.75,0.001,0
106.0,0.001,0
106.25,0.001,0
106.5,0.001,0
106.75,0.001,0
107.0,0.001,0
107.25,0.001,0
107.5,0.001,0
107.75,0.001,0
108.0,0.001,0
108.25,0.001,0
108.5,0.001,0
108.75,0.001,0
109.0,0.001,0
109.25,0.001,0
109.5,0.001,0
109.75,0.001,0
110.0,0.001,0
110.25,0.001,0
110.5,0.001,0
110.75,0.001,0
111.0,0.001,0
111.25,0.001,0
111.5,0.001,0
111.75,0.001,0
112.0,0.001,0
112.25,0.001,0
112.5,0.001,0
112.75,0.001,0
113.0,0.001,0
113.25,0.001,0
113.5,0.001,0
113.75,0.001,0
114.0,0.001,0
114.25,0.001,0
114.5,0.001,0
114.75,0.001,0
115.0,0.001,0
115.25,0.001,0
115.5,0.001,0
115.75,0.001,0
116.0,0.001,0
116.25,0.001,0
116.5,0.001,0
116.75,0.001,0
117.0,0.001,0
117.25,0.001,0
117.5,0.001,0
117.75,0.001,0
118.0,0.001,0
118.25,0.001,0
118.5,0.001,0
118.75,0.001,0
119.0,0.001,0
119.25,0.001,0
119.5,0.001,0
119.75,0.001,0
120.0,0.001,0
120.25,0.001,0
120.5,0.001,0
120.75,0.001,0
121.0,0.001,0
121.25,0.001,0
121.5,0.001,0
121.75,0.001,0
122.0,0.001,0
122.25,0.001,0
122.5,0.001,0
122.75,0.001,0
123.0,0.001,0
123.25,0.001,0
123.5,0.001,0
123.75,0.001,0
124.0,0.001,0
124.25,0.001,0
124.5,0.001,0
124.75,0.001,0
125.0,0.001,0
125.25,0.001,0
125.5,0.001,0
125.75,0.001,0
126.0,0.001,0
126.25,0.001,0
126.5,0.001,0
126.75,0.001,0
127.0,0.001,0
127.25,0.001,0
127.5,0.001,0
127.75,0.001,0
128.0,0.001,0
128.25,0.001,0
128.5,0.001,0
128.75,0.001,0
129.0,0.001,0
129.25,0.001,0
129.5,0.001,0
129.75,0.001,0
130.0,0.001,0
130.25,0.001,0
130.5,0.001,0
130.75,0.001,0
131.0,0.001,0
131.25,0.001,0
131.5,0.001,0
131.75,0.001,0
132.0,0.001,0
132.25,0.001,0
132.5,0.001,0
132.75,0.001,0
133.0,0.001,0
133.25,0.001,0
133.5,0.001,0
133.75,0.001,0
134.0,0.001,0
134.25,0.001,0
134.5,0.001,0
134.75,0.001,0
135.0,0.001,0
135.25,0.001,0
135.5,0.001,0
135.75,0.001,0
136.0,0.001,0
136.25,0.001,0
136.5,0.001,0
136.75,0.001,0
137.0,0.001,0
137.25,0.001,0
137.5,0.001,0
137.75,0.001,0
138.0,0.001,0
138.25,0.001,0
138.5,0.001,0
138.75,0.001,0
139.0,0.001,0
139.25,0.001,0
139.5,0.001,0
139.75,0.001,0
140.0,0.001,0
140.25,0.001,0
140.5,0.001,0
140.75,0.001,0
141.0,0.001,0
141.25,0.001,0
141.5,0.001,0
141.75,0.001,0
142.0,0.001,0
142.25,0.001,0
142.5,0.001,0
142.75,0.001,0
143.0,0.001,0
143.25,0.001,0
143.5,0.001,0
143.75,0.001,0
144.0,0.001,0
144.25,0.001,0
144.5,0.001,0
144.75,0.001,0
145.0,0.001,0
145.25,0.001,0
145.5,0.001,0
145.75,0.001,0
146.0,0.001,0
146.25,0.001,0
146.5,0.001,0
146.75,0.001,0
147.0,0.001,0
147.25,0.001,0
147.5,0.001,0
147.75,0.001,0
148.0,0.001,0
148.25,0.001,0
148.5,0.001,0
148.75,0.001,0
149.0,0.001,0
149.25,0.001,0
149.5,0.001,0
149.75,0.001,0
150.0,0.001,0
150.25,0.001,0
150.5,0.001,0
150.75,0.001,0
151.0,0.001,0
151.25,0.001,0
151.5,0.001,0
151.75,0.001,0
152.0,0.001,0
152.25,0.001,0
152.5,0.001,0
152.75,0.001,0
153.0,0.001,0
153.25,0.001,0
153.5,0.001,0
153.75,0.001,0
154.0,0.001,0
154.25,0.001,0
154.5,0.001,0
154.75,0.001,0
155.0,0.001,0
155.25,0.001,0
155.5,0.001,0
155.75,0.001,0
156.0,0.001,0
156.25,0.001,0
156.5,0.001,0
156.75,0.001,0
157.0,0.001,0
157.25,0.001,0
157.5,0.001,0
157.75,0.001,0
158.0,0.001,0
158.25,0.001,0
158.5,0.001,0
158.75,0.001,0
159.0,0.001,0
159.25,0.001,0
159.5,0.001,0
159.75,0.001,0
160.0,0.001,0
160.25,0.001,0
160.5,0.001,0
160.75,0.001,0
161.0,0.001,0
161.25,0.001,0
161.5,0.001,0
161.75,0.001,0
162.0,0.001,0
162.25,0.001,0
162.5,0.001,0
162.75,0.001,0
163.0,0.001,0
163.25,0.001,0
163.5,0.001,0
163.75,0.001,0
164.0,0.001,0
164.25,0.001,0
164.5,0.001,0
164.75,0.001,0
165.0,0.001,0
165.25,0.001,0
165.5,0.001,0
165.75,0.001,0
166.0,0.001,0
166.25,0.001,0
166.5,0.001,0
166.75,0.001,0
167.0,0.001,0
167.25,0.001,0
167.5,0.001,0
167.75,0.001,0
168.0,0.001,0
168.25,0.001,0
168.5,0.001,0
168.75,0.001,0
169.0,0.001,0
169.25,0.001,0
169.5,0.001,0
169.75,0.001,0
170.0,0.001,0
170.25,0.001,0
170.5,0.001,0
170.75,0.001,0
171.0,0.001,0
171.25,0.001,0
171.5,0.001,0
171.75,0.001,0
172.0,0.001,0
172.25,0.001,0
172.5,0.001,0
172.75,0.001,0
173.0,0.001,0
173.25,0.001,0
173.5,0.001,0
173.75,0.001,0
174.0,0.001,0
174.25,0.001,0
174.5,0.001,0
174.75,0.001,0
175.0,0.001,0
175.25,0.001,0
175.5,0.001,0
175.75,0.001,0
176.0,0.001,0
176.25,0.001,0
176.5,0.001,0
176.75,0.001,0
177.0,0.001,0
177.25,0.001,0
177.5,0.001,0
177.75,0.001,0
178.0,0.001,0
178.25,0.001,0
178.5,0.001,0
178.75,0.001,0
179.0,0.001,0
179.25,0.001,0
179.5,0.001,0
179.75,0.001,0
180.0,0.001,0
180.25,0.001,0
180.5,0.001,0
180.75,0.001,0
181.0,0.001,0
181.25,0.001,0
181.5,0.001,0
181.75,0.001,0
182.0,0.001,0
182.25,0.001,0
182.5,0.001,0
182.75,0.001,0
183.0,0.001,0
183.25,0.001,0
183.5,0.001,0
183.75,0.001,0
184.0,0.001,0
184.25,0.001,0
184.5,0.001,0
184.75,0.001,0
185.0,0.001,0
185.25,0.001,0
185.5,0.001,0
185.75,0.001,0
186.0,0.001,0
186.25,0.001,0
186.5,0.001,0
186.75,0.001,0
187.0,0.001,0
187.25,0.001,0
187.5,0.001,0
187.75,0.001,0
188.0,0.001,0
188.25,0.001,0
188.5,0.001,0
188.75,0.001,0
189.0,0.001,0
189.25,0.001,0
189.5,0.001,0
189.75,0.001,0
190.0,0.001,0
190.25,0.001,0
190.5,0.001,0
190.75,0.001,0
191.0,0.001,0
191.25,0.001,0
191.5,0.001,0
191.75,0.001,0
192.0,0.001,0
192.25,0.001,0
192.5,0.001,0
192.75,0.001,0
193.0,0.001,0
193.25,0.001,0
193.5,0.001,0
193.75,0.001,0
194.0,0.001,0
194.25,0.001,0
194.5,0.001,0
194.75,0.001,0
195.0,0.001,0
195.25,0.001,0
195.5,0.001,0
195.75,0.001,0
196.0,0.001,0
196.25,0.001,0
196.5,0.001,0
196.75,0.001,0
197.0,0.001,0
197.25,0.001,0
197.5,0.001,0
197.75,0.001,0
198.0,0.001,0
198.25,0.001,0
198.5,0.001,0
198.75,0.001,0
199.0,0.001,0
199.25,0.001,0
199.5,0.001,0
199.75,0.001,0
